removed,new_score,delta
HERB_AMLA,0.4,0.017035497412071554
HERB_GUDUCHI,0.4,0.017035497412071554
HERB_ASHWAGANDHA,0.5511064922362147,-0.13407099482414309
